id,name
1,Dicky Persicke
2,Risa Kenford
3,Carroll Munby
4,Iosep Igounet
5,Dougie Robertsen
6,Cassandra Penhallurick
7,Eydie Andreuzzi
8,Rex Blacker
9,Anitra Raubheim
10,Consolata Ramel
11,Brod Harman
12,Alexandros Brownlea
13,Frans Defries
14,Addie Tyce
15,Lanna Berendsen
16,Chantal Pethybridge
17,Cecil Kneller
18,Akim Prynne
19,Alisa Switland
20,Wilona Caddan
21,Malvin Balchin
22,Tami Dillaway
23,Jimmy McLaughlan
24,Veriee Landeg
25,Ricoriki Ewens
26,Claire Theodore
27,Bethena Sweet
28,Regen Ackenhead
29,Alonso Gillham
30,Felice Frankland
31,Leeann Selkirk
32,Elden Delgaty
33,Elicia Barnshaw
34,Marni Palek
35,Carlin Roostan
36,Hubey Armstead
37,Tommi Pheby
38,Jasper Alasdair
39,Alleyn Perse
40,Luca Karolewski
41,Millie Vasyaev
42,Mayne Feldberger
43,Tremaine McCullough
44,Devondra Castagne
45,Orson Kilborn
46,Samson Tinghill
47,Valeda Kerin
48,Dael Breckwell
49,"Blair L'Homme"
50,Merrick Jouen
51,Ripley Duckhouse
52,Shirline Bortoli
53,Melicent Sugars
54,Kipp Ninnoli
55,Pincus Polini
56,Noelle Cronshaw
57,Garv Shyres
58,Raf Hanbury-Brown
59,Kaleb Archbell
60,Judd Demkowicz
61,Alison Fassbender
62,Ludovika Clyma
63,Oralla Soldner
64,Prissie Tirte
65,Broddy Elsom
66,Theda Siege
67,Roanne Freke
68,"Lee O'Scanlan"
69,Lenna Ivamy
70,Tildie Dumbleton
71,Roderic Bausor
72,Horst Pinks
73,Lira Rayson
74,Amalia Parncutt
75,Carlye McKleod
76,Wilton Charkham
77,Dewey Tidy
78,Giacomo Ballendine
79,Shelby Anetts
80,Harrison Filippello
81,Edita Scothorne
82,Birgitta Huws
83,Stanleigh Hatliffe
84,Panchito Secker
85,Rawley Rich
86,Gordie Gasgarth
87,Beatriz Varvell
88,Hermine Speer
89,Otha Dundridge
90,Del Aberhart
91,Timofei Senecaux
92,Norene Edison
93,Willi Linning
94,Jecho Gaddes
95,Nanny Lanfear
96,Lester Mellenby
97,Cairistiona Pedwell
98,Marissa Baldacchi
99,Marge Laxtonne
100,Ingrim Hatherley